IoTimelab,ID: 904600547675828224,"@JFESmartHome: China's Internet of Things market to exceed 4 trillion yuan: https://t.co/MDDlPHt57D - #IoT - September 4, 2017 at 08:39AM",1
IoTimelab,ID: 904600543603109889,"@eraser: 100 #Startups in 2017 Using #AI to Drive #DigitalTransformation
[by @CBinsights]
#IoT #IIoT #Healthcare #Bots… https://t.co/mdz…",2
IoTimelab,ID: 904600542281965568,"@rajan_khurana: Harmonizing &amp; driving #BigData, #Analytics &amp; #AI #DeepLearning #IoT #machinelaerning @MikeQuindazzi https://t.co/x7eInDe…",3
IoTimelab,ID: 904600541015285760,@Aricent: What is driving the development of #edgecomputing? Catch our expert Shamik Mishra in a talk at the #MECCongress https://t.co/V…,4
IoTimelab,ID: 904600539614388224,"@WBG_ICT: Many farmers still rely on guesswork, rather than data, for their farming decisions. #IoT can change that: https://t.co/yZmbwb…",5
SOOOONer,ID: 904600517422325761,@enBEAD: Buildings Started Thinking For Themselves and Operating themselves without the need of human #cleantech #AI #bigdata #IoT https…,6
fcousinou,ID: 904600503199424513,@AndaluciaDig: #InternetdelasCosas ya es presente ¿sabes dónde puedes encontrarlo? Recursos #IoT que ya son una realidad https://t.co/ZN…,7
AngieCustomers,ID: 904600502066962432,"@angiecomint: ANNOUNCEMENT: Angie's #Mobile Strategy: #4G &amp; 5G Mobility in #USA &amp; #UK

https://t.co/G5fKTJywlG

#IoT #Fiber #LTE #mmwave…",8
hwresaleinc,ID: 904600481468522496,@ComendadorMBF: 10 things will become obsolete. Thanks to #IoT.#ransomware #Malware #AI #MachineLearning #bigdata #fintech #data #blockc…,9
roomeezon,ID: 904600464922161152,@pasalapudi: CLOUD Update is out! https://t.co/QYLq9cjkJX #iot,10
